nome_cliente,cidade,uf,descricao,data_pedido,quantidade,valor_venda,valor_custo
Rodolfo,Rio de Janeiro,RJ,Papel,24/01/2017,18,,
Rodolfo,Rio de Janeiro,RJ,Papel,24/09/2017,19,,
Rodolfo,Rio de Janeiro,RJ,Cimento,24/03/2017,25,,
Rodolfo,Rio de Janeiro,RJ,Papel,24/05/2017,27,,
Rodolfo,Rio de Janeiro,RJ,Papelão,24/06/2017,30,,
Rodolfo,Rio de Janeiro,RJ,Papel,24/08/2017,28,,
Rodolfo,Rio de Janeiro,RJ,Papel,24/10/2017,27,,
Rodolfo,Rio de Janeiro,RJ,Papelão,24/11/2017,26,,
Rodolfo,Rio de Janeiro,RJ,Cimento,24/12/2017,11,,
Ana,Niteroi,RJ,Papel,27/02/2018,18,,
Ana,Niteroi,RJ,Papelão,27/03/2018,18,,
Ana,Niteroi,RJ,Cimento,27/04/2018,18,,
Ana,Niteroi,RJ,Papel,27/05/2018,18,,
Ana,Niteroi,RJ,Cimento,27/08/2018,18,,
Lúcio,Florianópolis,SC,Cimento,15/09/2019,18,,
Lúcio,Florianópolis,SC,Papel,15/09/2019,18,,
Susana,Niterói,RJ,Papelão,01/02/2019,18,,
Susana,Niterói,RJ,Cimento,01/01/2019,18,,
Susana,Niterói,RJ,Papel,01/03/2019,18,,
Susana,Niterói,RJ,Papel,01/04/2019,18,,
Susana,Niterói,RJ,Cimento,01/08/2019,18,,
Susana,Niterói,RJ,Cimento,01/12/2019,18,,
Susana,Niterói,RJ,Papel,01/12/2019,18,,
Rodolfo,Rio de Janeiro,RJ,Papel,06/04/2019,5,,
Ana,Niteroi,RJ,Madeira,08/07/2018,8,,
Ana,Niteroi,RJ,Chocolate,08/07/2018,7,,
Ana,Niteroi,RJ,Papel,08/07/2018,3,,
Ana,Niteroi,RJ,Queijo,08/07/2018,10,,
Ana,Niteroi,RJ,Vinho,08/07/2018,30,,
Maurício,São Paulo,SP,Chocolate,01/02/2018,6,,
Susana,Niterói,RJ,Linha,01/02/2018,37,,
Susana,Niterói,RJ,Papel,01/02/2018,40,,
Susana,Niterói,RJ,Tecido,01/02/2018,10,,
Susana,Niterói,RJ,Papel,01/02/2018,35,,
Susana,Niterói,RJ,Linha,01/02/2018,18,,
Renato,São Paulo,SP,Ouro,01/02/2018,17,,
Ana,Niteroi,RJ,Ouro,27/11/2018,8,,
Lúcio,Florianópolis,SC,Tecido,05/09/2019,10,,
Lúcio,Florianópolis,SC,Ouro,05/09/2019,43,,
cliente4473,cidade4473,SP,produto3531,30/04/2020,50,340.00,315.00
cliente4475,cidade4475,SP,produto3533,10/05/2021,2,1300.00,1175.00
cliente4476,cidade4476,MG,produto3534,10/06/2021,34,50.00,40.00
cliente4477,cidade4477,RJ,produto3535,05/09/2022,10,100.00,80.00
cliente4480,cidade4480,SP,produto3538,23/03/2021,15,780.00,705.00
cliente4482,cidade4482,RJ,produto3540,20/04/2020,34,50.00,40.00
cliente4484,cidade4484,PA,produto3542,10/06/2021,70,200.00,200.00
cliente4485,cidade4485,SP,produto3543,05/09/2022,50,340.00,315.00
cliente4487,cidade4487,RJ,produto3545,03/11/2022,2,1300.00,1175.00
cliente4490,cidade4490,SP,produto3548,20/04/2020,70,200.00,200.00
cliente4492,cidade4492,RJ,produto3550,10/06/2021,15,780.00,705.00
cliente4494,cidade4494,PA,produto3552,25/09/2022,34,50.00,40.00
cliente4495,cidade4495,SP,produto3553,03/11/2022,10,100.00,80.00
cliente4496,cidade4496,MG,produto3554,23/03/2021,70,200.00,200.00
cliente4498,cidade4498,SP,produto3556,20/04/2020,15,780.00,705.00
cliente4499,cidade4499,PA,produto3557,10/05/2021,2,1300.00,1175.00
cliente4501,cidade4501,MG,produto3559,05/09/2022,10,100.00,80.00
cliente4502,cidade4502,RJ,produto3560,25/09/2022,70,200.00,200.00
cliente4504,cidade4504,PA,produto3562,23/03/2021,15,780.00,705.00
cliente4506,cidade4506,MG,produto3564,20/04/2020,34,50.00,40.00
cliente4507,cidade4507,RJ,produto3565,10/05/2021,10,100.00,80.00
cliente4508,cidade4508,SP,produto3566,10/06/2021,70,200.00,200.00
cliente4511,cidade4511,MG,produto3569,03/11/2022,2,1300.00,1175.00
cliente4512,cidade4512,RJ,produto3570,23/03/2021,34,50.00,40.00
cliente4514,cidade4514,PA,produto3572,20/04/2020,70,200.00,200.00
cliente4515,cidade4515,SP,produto3573,10/05/2021,50,340.00,315.00
cliente4516,cidade4516,MG,produto3574,10/06/2021,15,780.00,705.00
cliente4520,cidade4520,SP,produto3578,23/03/2021,70,200.00,200.00
cliente4523,cidade4523,SP,produto3581,10/05/2021,2,1300.00,1175.00
cliente4525,cidade4525,SP,produto3583,05/09/2022,10,100.00,80.00
cliente4526,cidade4526,MG,produto3584,25/09/2022,70,200.00,200.00
cliente4527,cidade4527,RJ,produto3585,03/11/2022,50,340.00,315.00
cliente4528,cidade4528,SP,produto3586,23/03/2021,15,780.00,705.00
cliente4530,cidade4530,SP,produto3588,20/04/2020,34,50.00,40.00
cliente4531,cidade4531,MG,produto3589,10/05/2021,10,100.00,80.00
cliente4533,cidade4533,SP,produto3591,05/09/2022,50,340.00,315.00
cliente4536,cidade4536,MG,produto3594,23/03/2021,34,50.00,40.00
cliente4538,cidade4538,SP,produto3596,20/04/2020,70,200.00,200.00
cliente4539,cidade4539,PA,produto3597,10/05/2021,50,340.00,315.00
cliente4542,cidade4542,RJ,produto3600,25/09/2022,34,50.00,40.00
cliente4546,cidade4546,MG,produto3604,20/04/2020,15,780.00,705.00
cliente4547,cidade4547,RJ,produto3605,10/05/2021,2,1300.00,1175.00
cliente4548,cidade4548,SP,produto3606,10/06/2021,34,50.00,40.00
cliente4549,cidade4549,PA,produto3607,05/09/2022,10,100.00,80.00
cliente4550,cidade4550,SP,produto3608,25/09/2022,70,200.00,200.00
cliente4551,cidade4551,MG,produto3609,03/11/2022,50,340.00,315.00
cliente4552,cidade4552,RJ,produto3610,23/03/2021,15,780.00,705.00
cliente4553,cidade4553,SP,produto3611,30/04/2020,2,1300.00,1175.00
cliente4554,cidade4554,PA,produto3612,20/04/2020,34,50.00,40.00
cliente4555,cidade4555,SP,produto3613,10/05/2021,10,100.00,80.00
cliente4556,cidade4556,MG,produto3614,10/06/2021,70,200.00,200.00
cliente4560,cidade4560,SP,produto3618,23/03/2021,34,50.00,40.00
cliente4569,cidade4569,PA,produto3627,30/04/2020,50,340.00,315.00
cliente4570,cidade4570,SP,produto3628,20/04/2020,15,780.00,705.00
cliente4573,cidade4573,SP,produto3631,05/09/2022,10,100.00,80.00
cliente4576,cidade4576,MG,produto3634,23/03/2021,15,780.00,705.00
cliente4577,cidade4577,RJ,produto3635,30/04/2020,2,1300.00,1175.00
cliente4580,cidade4580,SP,produto3638,10/06/2021,70,200.00,200.00
cliente4583,cidade4583,SP,produto3641,03/11/2022,2,1300.00,1175.00
cliente4584,cidade4584,PA,produto3642,23/03/2021,34,50.00,40.00
cliente4585,cidade4585,SP,produto3643,30/04/2020,10,100.00,80.00
cliente4586,cidade4586,MG,produto3644,20/04/2020,70,200.00,200.00
cliente4587,cidade4587,RJ,produto3645,10/05/2021,50,340.00,315.00
cliente4588,cidade4588,SP,produto3646,10/06/2021,15,780.00,705.00
cliente4589,cidade4589,PA,produto3647,05/09/2022,2,1300.00,1175.00
cliente4593,cidade4593,SP,produto3651,30/04/2020,50,340.00,315.00
cliente4595,cidade4595,SP,produto3653,10/05/2021,2,1300.00,1175.00
cliente4596,cidade4596,MG,produto3654,10/06/2021,34,50.00,40.00
cliente4597,cidade4597,RJ,produto3655,05/09/2022,10,100.00,80.00
cliente4599,cidade4599,PA,produto3657,03/11/2022,50,340.00,315.00
cliente4601,cidade4601,MG,produto3659,30/04/2020,2,1300.00,1175.00
cliente4603,cidade4603,SP,produto3661,10/05/2021,10,100.00,80.00
cliente4606,cidade4606,MG,produto3664,25/09/2022,15,780.00,705.00
cliente4608,cidade4608,SP,produto3666,23/03/2021,34,50.00,40.00
cliente4611,cidade4611,MG,produto3669,10/05/2021,50,340.00,315.00
cliente4613,cidade4613,SP,produto3671,05/09/2022,2,1300.00,1175.00
cliente4615,cidade4615,SP,produto3673,03/11/2022,10,100.00,80.00
cliente4616,cidade4616,MG,produto3674,23/03/2021,70,200.00,200.00
cliente4619,cidade4619,PA,produto3677,10/05/2021,2,1300.00,1175.00
cliente4621,cidade4621,MG,produto3679,05/09/2022,10,100.00,80.00
cliente4622,cidade4622,RJ,produto3680,25/09/2022,70,200.00,200.00
cliente4624,cidade4624,PA,produto3682,23/03/2021,15,780.00,705.00
cliente4627,cidade4627,RJ,produto3685,10/05/2021,10,100.00,80.00
cliente4628,cidade4628,SP,produto3686,10/06/2021,70,200.00,200.00
cliente4629,cidade4629,PA,produto3687,05/09/2022,50,340.00,315.00
cliente4631,cidade4631,MG,produto3689,03/11/2022,2,1300.00,1175.00
cliente4632,cidade4632,RJ,produto3690,23/03/2021,34,50.00,40.00
cliente4633,cidade4633,SP,produto3691,30/04/2020,10,100.00,80.00
cliente4635,cidade4635,SP,produto3693,10/05/2021,50,340.00,315.00
cliente4637,cidade4637,RJ,produto3695,05/09/2022,2,1300.00,1175.00
cliente4640,cidade4640,SP,produto3698,23/03/2021,70,200.00,200.00
cliente4641,cidade4641,MG,produto3699,30/04/2020,50,340.00,315.00
cliente4644,cidade4644,PA,produto3702,10/06/2021,34,50.00,40.00
cliente4647,cidade4647,RJ,produto3705,03/11/2022,50,340.00,315.00
cliente4648,cidade4648,SP,produto3706,23/03/2021,15,780.00,705.00
cliente4650,cidade4650,SP,produto3708,20/04/2020,34,50.00,40.00
cliente4651,cidade4651,MG,produto3709,10/05/2021,10,100.00,80.00
cliente4654,cidade4654,PA,produto3712,25/09/2022,15,780.00,705.00
cliente4657,cidade4657,RJ,produto3715,30/04/2020,10,100.00,80.00
cliente4658,cidade4658,SP,produto3716,20/04/2020,70,200.00,200.00
cliente4662,cidade4662,RJ,produto3720,25/09/2022,34,50.00,40.00
cliente4664,cidade4664,PA,produto3722,23/03/2021,70,200.00,200.00
cliente4666,cidade4666,MG,produto3724,20/04/2020,15,780.00,705.00
cliente4667,cidade4667,RJ,produto3725,10/05/2021,2,1300.00,1175.00
cliente4671,cidade4671,MG,produto3729,03/11/2022,50,340.00,315.00
cliente4672,cidade4672,RJ,produto3730,23/03/2021,15,780.00,705.00
cliente4675,cidade4675,SP,produto3733,10/05/2021,10,100.00,80.00
cliente4677,cidade4677,RJ,produto3735,05/09/2022,50,340.00,315.00
cliente4681,cidade4681,MG,produto3739,30/04/2020,10,100.00,80.00
cliente4682,cidade4682,RJ,produto3740,20/04/2020,70,200.00,200.00
cliente4683,cidade4683,SP,produto3741,10/05/2021,50,340.00,315.00
cliente4684,cidade4684,PA,produto3742,10/06/2021,15,780.00,705.00
cliente4685,cidade4685,SP,produto3743,05/09/2022,2,1300.00,1175.00
cliente4687,cidade4687,RJ,produto3745,03/11/2022,10,100.00,80.00
cliente4688,cidade4688,SP,produto3746,23/03/2021,70,200.00,200.00
cliente4691,cidade4691,MG,produto3749,10/05/2021,2,1300.00,1175.00
cliente4692,cidade4692,RJ,produto3750,10/06/2021,34,50.00,40.00
cliente4694,cidade4694,PA,produto3752,25/09/2022,70,200.00,200.00
cliente4695,cidade4695,SP,produto3753,03/11/2022,50,340.00,315.00
cliente4699,cidade4699,PA,produto3757,10/05/2021,10,100.00,80.00
cliente4707,cidade4707,RJ,produto3765,10/05/2021,50,340.00,315.00
cliente4711,cidade4711,MG,produto3769,03/11/2022,10,100.00,80.00
cliente4713,cidade4713,SP,produto3771,30/04/2020,50,340.00,315.00
cliente4714,cidade4714,PA,produto3772,20/04/2020,15,780.00,705.00
cliente4715,cidade4715,SP,produto3773,10/05/2021,2,1300.00,1175.00
cliente4718,cidade4718,SP,produto3776,25/09/2022,70,200.00,200.00
cliente4719,cidade4719,PA,produto3777,03/11/2022,50,340.00,315.00
cliente4720,cidade4720,SP,produto3778,23/03/2021,15,780.00,705.00
cliente4723,cidade4723,SP,produto3781,10/05/2021,10,100.00,80.00
cliente4725,cidade4725,SP,produto3783,05/09/2022,50,340.00,315.00
cliente4726,cidade4726,MG,produto3784,25/09/2022,15,780.00,705.00
cliente4728,cidade4728,SP,produto3786,23/03/2021,34,50.00,40.00
cliente4730,cidade4730,SP,produto3788,20/04/2020,70,200.00,200.00
cliente4732,cidade4732,RJ,produto3790,10/06/2021,15,780.00,705.00
cliente4733,cidade4733,SP,produto3791,05/09/2022,2,1300.00,1175.00
cliente4734,cidade4734,PA,produto3792,25/09/2022,34,50.00,40.00
cliente4735,cidade4735,SP,produto3793,03/11/2022,10,100.00,80.00
cliente4736,cidade4736,MG,produto3794,23/03/2021,70,200.00,200.00
cliente4737,cidade4737,RJ,produto3795,30/04/2020,50,340.00,315.00
cliente4740,cidade4740,SP,produto3798,10/06/2021,34,50.00,40.00
cliente4743,cidade4743,SP,produto3801,03/11/2022,50,340.00,315.00
cliente4745,cidade4745,SP,produto3803,30/04/2020,2,1300.00,1175.00
cliente4746,cidade4746,MG,produto3804,20/04/2020,34,50.00,40.00
cliente4747,cidade4747,RJ,produto3805,10/05/2021,10,100.00,80.00
cliente4749,cidade4749,PA,produto3807,05/09/2022,50,340.00,315.00
cliente4750,cidade4750,SP,produto3808,25/09/2022,15,780.00,705.00
cliente4751,cidade4751,MG,produto3809,03/11/2022,2,1300.00,1175.00
cliente4752,cidade4752,RJ,produto3810,23/03/2021,34,50.00,40.00
cliente4756,cidade4756,MG,produto3814,10/06/2021,15,780.00,705.00
cliente4757,cidade4757,RJ,produto3815,05/09/2022,2,1300.00,1175.00
cliente4758,cidade4758,SP,produto3816,25/09/2022,34,50.00,40.00
cliente4764,cidade4764,PA,produto3822,10/06/2021,34,50.00,40.00
cliente4765,cidade4765,SP,produto3823,05/09/2022,10,100.00,80.00
cliente4766,cidade4766,MG,produto3824,25/09/2022,70,200.00,200.00
cliente4767,cidade4767,RJ,produto3825,03/11/2022,50,340.00,315.00
cliente4768,cidade4768,SP,produto3826,23/03/2021,15,780.00,705.00
cliente4771,cidade4771,MG,produto3829,10/05/2021,10,100.00,80.00
cliente4772,cidade4772,RJ,produto3830,10/06/2021,70,200.00,200.00
cliente4774,cidade4774,PA,produto3832,25/09/2022,15,780.00,705.00
cliente4775,cidade4775,SP,produto3833,03/11/2022,2,1300.00,1175.00
cliente4776,cidade4776,MG,produto3834,23/03/2021,34,50.00,40.00
cliente4777,cidade4777,RJ,produto3835,30/04/2020,10,100.00,80.00
cliente4778,cidade4778,SP,produto3836,20/04/2020,70,200.00,200.00
cliente4779,cidade4779,PA,produto3837,10/05/2021,50,340.00,315.00
cliente4780,cidade4780,SP,produto3838,10/06/2021,15,780.00,705.00
cliente4781,cidade4781,MG,produto3839,05/09/2022,2,1300.00,1175.00
cliente4783,cidade4783,SP,produto3841,03/11/2022,10,100.00,80.00
cliente4785,cidade4785,SP,produto3843,30/04/2020,50,340.00,315.00
cliente4786,cidade4786,MG,produto3844,20/04/2020,15,780.00,705.00
cliente4787,cidade4787,RJ,produto3845,10/05/2021,2,1300.00,1175.00
cliente4790,cidade4790,SP,produto3848,25/09/2022,70,200.00,200.00
cliente4791,cidade4791,MG,produto3849,03/11/2022,50,340.00,315.00
cliente4793,cidade4793,SP,produto3851,30/04/2020,2,1300.00,1175.00
cliente4799,cidade4799,PA,produto3857,03/11/2022,2,1300.00,1175.00
cliente4800,cidade4800,SP,produto3858,23/03/2021,34,50.00,40.00
cliente4802,cidade4802,RJ,produto3860,20/04/2020,70,200.00,200.00
cliente4808,cidade4808,SP,produto3866,23/03/2021,70,200.00,200.00
cliente4809,cidade4809,PA,produto3867,30/04/2020,50,340.00,315.00
cliente4816,cidade4816,MG,produto3874,23/03/2021,15,780.00,705.00
cliente4818,cidade4818,SP,produto3876,20/04/2020,34,50.00,40.00
cliente4821,cidade4821,MG,produto3879,05/09/2022,50,340.00,315.00
cliente4823,cidade4823,SP,produto3881,03/11/2022,2,1300.00,1175.00
cliente4825,cidade4825,SP,produto3883,30/04/2020,10,100.00,80.00
cliente4826,cidade4826,MG,produto3884,20/04/2020,70,200.00,200.00
cliente4827,cidade4827,RJ,produto3885,10/05/2021,50,340.00,315.00
cliente4828,cidade4828,SP,produto3886,10/06/2021,15,780.00,705.00
cliente4830,cidade4830,SP,produto3888,25/09/2022,34,50.00,40.00
cliente4833,cidade4833,SP,produto3891,30/04/2020,50,340.00,315.00
cliente4835,cidade4835,SP,produto3893,10/05/2021,2,1300.00,1175.00
cliente4838,cidade4838,SP,produto3896,25/09/2022,70,200.00,200.00
cliente4842,cidade4842,RJ,produto3900,20/04/2020,34,50.00,40.00
cliente4845,cidade4845,SP,produto3903,05/09/2022,50,340.00,315.00
cliente4846,cidade4846,MG,produto3904,25/09/2022,15,780.00,705.00
cliente4847,cidade4847,RJ,produto3905,03/11/2022,2,1300.00,1175.00
cliente4848,cidade4848,SP,produto3906,23/03/2021,34,50.00,40.00
cliente4849,cidade4849,PA,produto3907,30/04/2020,10,100.00,80.00
cliente4851,cidade4851,MG,produto3909,10/05/2021,50,340.00,315.00
cliente4852,cidade4852,RJ,produto3910,10/06/2021,15,780.00,705.00
cliente4862,cidade4862,RJ,produto3920,25/09/2022,70,200.00,200.00
cliente4867,cidade4867,RJ,produto3925,10/05/2021,10,100.00,80.00
cliente4868,cidade4868,SP,produto3926,10/06/2021,70,200.00,200.00
cliente4869,cidade4869,PA,produto3927,05/09/2022,50,340.00,315.00
cliente4870,cidade4870,SP,produto3928,25/09/2022,15,780.00,705.00
cliente4872,cidade4872,RJ,produto3930,23/03/2021,34,50.00,40.00
cliente4874,cidade4874,PA,produto3932,20/04/2020,70,200.00,200.00
cliente4875,cidade4875,SP,produto3933,10/05/2021,50,340.00,315.00
cliente4880,cidade4880,SP,produto3938,23/03/2021,70,200.00,200.00
cliente4881,cidade4881,MG,produto3939,30/04/2020,50,340.00,315.00
cliente4882,cidade4882,RJ,produto3940,20/04/2020,15,780.00,705.00
cliente4884,cidade4884,PA,produto3942,10/06/2021,34,50.00,40.00
cliente4885,cidade4885,SP,produto3943,05/09/2022,10,100.00,80.00
cliente4886,cidade4886,MG,produto3944,25/09/2022,70,200.00,200.00
cliente4887,cidade4887,RJ,produto3945,03/11/2022,50,340.00,315.00
cliente4888,cidade4888,SP,produto3946,23/03/2021,15,780.00,705.00
cliente4889,cidade4889,PA,produto3947,30/04/2020,2,1300.00,1175.00
cliente4890,cidade4890,SP,produto3948,20/04/2020,34,50.00,40.00
cliente4892,cidade4892,RJ,produto3950,10/06/2021,70,200.00,200.00
cliente4896,cidade4896,MG,produto3954,23/03/2021,34,50.00,40.00
cliente4897,cidade4897,RJ,produto3955,30/04/2020,10,100.00,80.00
cliente4898,cidade4898,SP,produto3956,20/04/2020,70,200.00,200.00
cliente4902,cidade4902,RJ,produto3960,25/09/2022,34,50.00,40.00
cliente4904,cidade4904,PA,produto3962,23/03/2021,70,200.00,200.00
cliente4916,cidade4916,MG,produto3974,10/06/2021,70,200.00,200.00
cliente4917,cidade4917,RJ,produto3975,05/09/2022,50,340.00,315.00
cliente4920,cidade4920,SP,produto3978,23/03/2021,34,50.00,40.00
cliente4921,cidade4921,MG,produto3979,30/04/2020,10,100.00,80.00
cliente4922,cidade4922,RJ,produto3980,20/04/2020,70,200.00,200.00
cliente4925,cidade4925,SP,produto3983,05/09/2022,2,1300.00,1175.00
cliente4926,cidade4926,MG,produto3984,25/09/2022,34,50.00,40.00
cliente4928,cidade4928,SP,produto3986,23/03/2021,70,200.00,200.00
cliente4929,cidade4929,PA,produto3987,30/04/2020,50,340.00,315.00
cliente4930,cidade4930,SP,produto3988,20/04/2020,15,780.00,705.00
cliente4932,cidade4932,RJ,produto3990,10/06/2021,34,50.00,40.00
cliente4933,cidade4933,SP,produto3991,05/09/2022,10,100.00,80.00
cliente4936,cidade4936,MG,produto3994,23/03/2021,15,780.00,705.00
cliente4942,cidade4942,RJ,produto4000,25/09/2022,15,780.00,705.00
cliente4943,cidade4943,SP,produto4001,03/11/2022,2,1300.00,1175.00
cliente4944,cidade4944,PA,produto4002,23/03/2021,34,50.00,40.00
cliente4945,cidade4945,SP,produto4003,30/04/2020,10,100.00,80.00
cliente4946,cidade4946,MG,produto4004,20/04/2020,70,200.00,200.00
cliente4947,cidade4947,RJ,produto4005,10/05/2021,50,340.00,315.00
cliente4948,cidade4948,SP,produto4006,10/06/2021,15,780.00,705.00
cliente4949,cidade4949,PA,produto4007,05/09/2022,2,1300.00,1175.00
cliente4950,cidade4950,SP,produto4008,25/09/2022,34,50.00,40.00
cliente4951,cidade4951,MG,produto4009,03/11/2022,10,100.00,80.00
cliente4953,cidade4953,SP,produto4011,30/04/2020,50,340.00,315.00
cliente4955,cidade4955,SP,produto4013,10/05/2021,2,1300.00,1175.00
cliente4956,cidade4956,MG,produto4014,10/06/2021,34,50.00,40.00
cliente4957,cidade4957,RJ,produto4015,05/09/2022,10,100.00,80.00
cliente4959,cidade4959,PA,produto4017,03/11/2022,50,340.00,315.00
cliente4965,cidade4965,SP,produto4023,05/09/2022,50,340.00,315.00
cliente4966,cidade4966,MG,produto4024,25/09/2022,15,780.00,705.00
cliente4968,cidade4968,SP,produto4026,23/03/2021,34,50.00,40.00
cliente4969,cidade4969,PA,produto4027,30/04/2020,10,100.00,80.00
cliente4970,cidade4970,SP,produto4028,20/04/2020,70,200.00,200.00
cliente4972,cidade4972,RJ,produto4030,10/06/2021,15,780.00,705.00
cliente4974,cidade4974,PA,produto4032,25/09/2022,34,50.00,40.00
cliente4978,cidade4978,SP,produto4036,20/04/2020,15,780.00,705.00
cliente4979,cidade4979,PA,produto4037,10/05/2021,2,1300.00,1175.00
cliente4980,cidade4980,SP,produto4038,10/06/2021,34,50.00,40.00
cliente4982,cidade4982,RJ,produto4040,25/09/2022,70,200.00,200.00
cliente4983,cidade4983,SP,produto4041,03/11/2022,50,340.00,315.00
cliente4984,cidade4984,PA,produto4042,23/03/2021,15,780.00,705.00
cliente4986,cidade4986,MG,produto4044,20/04/2020,34,50.00,40.00
cliente4989,cidade4989,PA,produto4047,05/09/2022,50,340.00,315.00
cliente4990,cidade4990,SP,produto4048,25/09/2022,15,780.00,705.00
cliente4991,cidade4991,MG,produto4049,03/11/2022,2,1300.00,1175.00
cliente4992,cidade4992,RJ,produto4050,23/03/2021,34,50.00,40.00
cliente4997,cidade4997,RJ,produto4055,05/09/2022,2,1300.00,1175.00
cliente4999,cidade4999,PA,produto4057,03/11/2022,10,100.00,80.00
Jorge,Curitiba,PR,produto4061,10/05/2021,2,1300.00,1175.00
Maurício,São Paulo,SP,produto4063,05/09/2022,10,100.00,80.00
Edmar,Salvador,BA,produto4064,25/09/2022,70,200.00,200.00
Paulo,Londrina,PR,produto4067,30/04/2020,2,1300.00,1175.00
Lúcio,Florianópolis,SC,produto4068,20/04/2020,34,50.00,40.00
Renato,São Paulo,SP,produto4070,10/06/2021,70,200.00,200.00
Sebastião,Uberaba,MG,produto4071,05/09/2022,50,340.00,315.00
José,Brasilia,DF,produto4072,25/09/2022,15,780.00,705.00
cliente1002,cidade1002,RJ,produto4076,20/04/2020,70,200.00,200.00
cliente1003,cidade1003,SP,produto4077,10/05/2021,50,340.00,315.00
cliente1004,cidade1004,PA,produto4078,10/06/2021,15,780.00,705.00
cliente1007,cidade1007,RJ,produto4081,03/11/2022,10,100.00,80.00
cliente1010,cidade1010,SP,produto4084,20/04/2020,15,780.00,705.00
cliente1012,cidade1012,RJ,produto4086,10/06/2021,34,50.00,40.00
cliente1014,cidade1014,PA,produto4088,25/09/2022,70,200.00,200.00
cliente1016,cidade1016,MG,produto4090,23/03/2021,15,780.00,705.00
cliente1017,cidade1017,RJ,produto4091,30/04/2020,2,1300.00,1175.00
cliente1019,cidade1019,PA,produto4093,10/05/2021,10,100.00,80.00
cliente1023,cidade1023,SP,produto4097,03/11/2022,2,1300.00,1175.00
cliente1026,cidade1026,MG,produto4100,20/04/2020,70,200.00,200.00
cliente1027,cidade1027,RJ,produto4101,10/05/2021,50,340.00,315.00
cliente1028,cidade1028,SP,produto4102,10/06/2021,15,780.00,705.00
cliente1029,cidade1029,PA,produto4103,05/09/2022,2,1300.00,1175.00
cliente1031,cidade1031,MG,produto4105,03/11/2022,10,100.00,80.00
cliente1033,cidade1033,SP,produto4107,30/04/2020,50,340.00,315.00
cliente1034,cidade1034,PA,produto4108,20/04/2020,15,780.00,705.00
cliente1037,cidade1037,RJ,produto4111,05/09/2022,10,100.00,80.00
cliente1038,cidade1038,SP,produto4112,25/09/2022,70,200.00,200.00
cliente1043,cidade1043,SP,produto4117,10/05/2021,10,100.00,80.00
cliente1044,cidade1044,PA,produto4118,10/06/2021,70,200.00,200.00
cliente1046,cidade1046,MG,produto4120,25/09/2022,15,780.00,705.00
cliente1047,cidade1047,RJ,produto4121,03/11/2022,2,1300.00,1175.00
cliente1050,cidade1050,SP,produto4124,20/04/2020,70,200.00,200.00
cliente1051,cidade1051,MG,produto4125,10/05/2021,50,340.00,315.00
cliente1054,cidade1054,PA,produto4128,25/09/2022,34,50.00,40.00
cliente1056,cidade1056,MG,produto4130,23/03/2021,70,200.00,200.00
cliente1057,cidade1057,RJ,produto4131,30/04/2020,50,340.00,315.00
cliente1058,cidade1058,SP,produto4132,20/04/2020,15,780.00,705.00
cliente1060,cidade1060,SP,produto4134,10/06/2021,34,50.00,40.00
cliente1062,cidade1062,RJ,produto4136,25/09/2022,70,200.00,200.00
cliente1064,cidade1064,PA,produto4138,23/03/2021,15,780.00,705.00
cliente1068,cidade1068,SP,produto4142,10/06/2021,70,200.00,200.00
cliente1069,cidade1069,PA,produto4143,05/09/2022,50,340.00,315.00
cliente1071,cidade1071,MG,produto4145,03/11/2022,2,1300.00,1175.00
cliente1073,cidade1073,SP,produto4147,30/04/2020,10,100.00,80.00
cliente1075,cidade1075,SP,produto4149,10/05/2021,50,340.00,315.00
cliente1076,cidade1076,MG,produto4150,10/06/2021,15,780.00,705.00
cliente1077,cidade1077,RJ,produto4151,05/09/2022,2,1300.00,1175.00
cliente1080,cidade1080,SP,produto4154,23/03/2021,70,200.00,200.00
cliente1087,cidade1087,RJ,produto4161,03/11/2022,50,340.00,315.00
cliente1088,cidade1088,SP,produto4162,23/03/2021,15,780.00,705.00
cliente1090,cidade1090,SP,produto4164,20/04/2020,34,50.00,40.00
cliente1092,cidade1092,RJ,produto4166,10/06/2021,70,200.00,200.00
cliente1096,cidade1096,MG,produto4170,23/03/2021,34,50.00,40.00
cliente1097,cidade1097,RJ,produto4171,30/04/2020,10,100.00,80.00
cliente1100,cidade1100,SP,produto4174,10/06/2021,15,780.00,705.00
cliente1101,cidade1101,MG,produto4175,05/09/2022,2,1300.00,1175.00
cliente1102,cidade1102,RJ,produto4176,25/09/2022,34,50.00,40.00
cliente1106,cidade1106,MG,produto4180,20/04/2020,15,780.00,705.00
cliente1107,cidade1107,RJ,produto4181,10/05/2021,2,1300.00,1175.00
cliente1108,cidade1108,SP,produto4182,10/06/2021,34,50.00,40.00
cliente1110,cidade1110,SP,produto4184,25/09/2022,70,200.00,200.00
cliente1111,cidade1111,MG,produto4185,03/11/2022,50,340.00,315.00
cliente1113,cidade1113,SP,produto4187,30/04/2020,2,1300.00,1175.00
cliente1114,cidade1114,PA,produto4188,20/04/2020,34,50.00,40.00
cliente1118,cidade1118,SP,produto4192,25/09/2022,15,780.00,705.00
cliente1120,cidade1120,SP,produto4194,23/03/2021,34,50.00,40.00
cliente1124,cidade1124,PA,produto4198,10/06/2021,15,780.00,705.00
cliente1126,cidade1126,MG,produto4200,25/09/2022,34,50.00,40.00
cliente1127,cidade1127,RJ,produto4201,03/11/2022,10,100.00,80.00
cliente1128,cidade1128,SP,produto4202,23/03/2021,70,200.00,200.00
cliente1130,cidade1130,SP,produto4204,20/04/2020,15,780.00,705.00
cliente1133,cidade1133,SP,produto4207,05/09/2022,10,100.00,80.00
cliente1134,cidade1134,PA,produto4208,25/09/2022,70,200.00,200.00
cliente1136,cidade1136,MG,produto4210,23/03/2021,15,780.00,705.00
cliente1138,cidade1138,SP,produto4212,20/04/2020,34,50.00,40.00
cliente1141,cidade1141,MG,produto4215,05/09/2022,50,340.00,315.00
cliente1142,cidade1142,RJ,produto4216,25/09/2022,15,780.00,705.00
cliente1143,cidade1143,SP,produto4217,03/11/2022,2,1300.00,1175.00
cliente1145,cidade1145,SP,produto4219,30/04/2020,10,100.00,80.00
cliente1146,cidade1146,MG,produto4220,20/04/2020,70,200.00,200.00
cliente1149,cidade1149,PA,produto4223,05/09/2022,2,1300.00,1175.00
cliente1150,cidade1150,SP,produto4224,25/09/2022,34,50.00,40.00
cliente1153,cidade1153,SP,produto4227,30/04/2020,50,340.00,315.00
cliente1157,cidade1157,RJ,produto4231,05/09/2022,10,100.00,80.00
cliente1158,cidade1158,SP,produto4232,25/09/2022,70,200.00,200.00
cliente1162,cidade1162,RJ,produto4236,20/04/2020,34,50.00,40.00
cliente1165,cidade1165,SP,produto4239,05/09/2022,50,340.00,315.00
cliente1167,cidade1167,RJ,produto4241,03/11/2022,2,1300.00,1175.00
cliente1168,cidade1168,SP,produto4242,23/03/2021,34,50.00,40.00
cliente1169,cidade1169,PA,produto4243,30/04/2020,10,100.00,80.00
cliente1170,cidade1170,SP,produto4244,20/04/2020,70,200.00,200.00
cliente1171,cidade1171,MG,produto4245,10/05/2021,50,340.00,315.00
cliente1172,cidade1172,RJ,produto4246,10/06/2021,15,780.00,705.00
cliente1173,cidade1173,SP,produto4247,05/09/2022,2,1300.00,1175.00
cliente1174,cidade1174,PA,produto4248,25/09/2022,34,50.00,40.00
cliente1175,cidade1175,SP,produto4249,03/11/2022,10,100.00,80.00
cliente1178,cidade1178,SP,produto4252,20/04/2020,15,780.00,705.00
cliente1179,cidade1179,PA,produto4253,10/05/2021,2,1300.00,1175.00
cliente1180,cidade1180,SP,produto4254,10/06/2021,34,50.00,40.00
cliente1181,cidade1181,MG,produto4255,05/09/2022,10,100.00,80.00
cliente1184,cidade1184,PA,produto4258,23/03/2021,15,780.00,705.00
cliente1187,cidade1187,RJ,produto4261,10/05/2021,10,100.00,80.00
cliente1189,cidade1189,PA,produto4263,05/09/2022,50,340.00,315.00
cliente1192,cidade1192,RJ,produto4266,23/03/2021,34,50.00,40.00
cliente1195,cidade1195,SP,produto4269,10/05/2021,50,340.00,315.00
cliente1196,cidade1196,MG,produto4270,10/06/2021,15,780.00,705.00
cliente1198,cidade1198,SP,produto4272,25/09/2022,34,50.00,40.00
cliente1199,cidade1199,PA,produto4273,03/11/2022,10,100.00,80.00
cliente1201,cidade1201,MG,produto4275,30/04/2020,50,340.00,315.00
cliente1202,cidade1202,RJ,produto4276,20/04/2020,15,780.00,705.00
cliente1203,cidade1203,SP,produto4277,10/05/2021,2,1300.00,1175.00
cliente1204,cidade1204,PA,produto4278,10/06/2021,34,50.00,40.00
cliente1205,cidade1205,SP,produto4279,05/09/2022,10,100.00,80.00
cliente1206,cidade1206,MG,produto4280,25/09/2022,70,200.00,200.00
cliente1208,cidade1208,SP,produto4282,23/03/2021,15,780.00,705.00
cliente1211,cidade1211,MG,produto4285,10/05/2021,10,100.00,80.00
cliente1218,cidade1218,SP,produto4292,20/04/2020,70,200.00,200.00
cliente1219,cidade1219,PA,produto4293,10/05/2021,50,340.00,315.00
cliente1223,cidade1223,SP,produto4297,03/11/2022,10,100.00,80.00
cliente1227,cidade1227,RJ,produto4301,10/05/2021,2,1300.00,1175.00
cliente1230,cidade1230,SP,produto4304,25/09/2022,70,200.00,200.00
cliente1231,cidade1231,MG,produto4305,03/11/2022,50,340.00,315.00
cliente1232,cidade1232,RJ,produto4306,23/03/2021,15,780.00,705.00
cliente1233,cidade1233,SP,produto4307,30/04/2020,2,1300.00,1175.00
cliente1234,cidade1234,PA,produto4308,20/04/2020,34,50.00,40.00
cliente1236,cidade1236,MG,produto4310,10/06/2021,70,200.00,200.00
cliente1241,cidade1241,MG,produto4315,30/04/2020,10,100.00,80.00
cliente1244,cidade1244,PA,produto4318,10/06/2021,15,780.00,705.00
cliente1249,cidade1249,PA,produto4323,30/04/2020,50,340.00,315.00
cliente1250,cidade1250,SP,produto4324,20/04/2020,15,780.00,705.00
cliente1253,cidade1253,SP,produto4327,05/09/2022,10,100.00,80.00
cliente1256,cidade1256,MG,produto4330,23/03/2021,15,780.00,705.00
cliente1257,cidade1257,RJ,produto4331,30/04/2020,2,1300.00,1175.00
cliente1258,cidade1258,SP,produto4332,20/04/2020,34,50.00,40.00
cliente1260,cidade1260,SP,produto4334,10/06/2021,70,200.00,200.00
cliente1262,cidade1262,RJ,produto4336,25/09/2022,15,780.00,705.00
cliente1264,cidade1264,PA,produto4338,23/03/2021,34,50.00,40.00
cliente1266,cidade1266,MG,produto4340,20/04/2020,70,200.00,200.00
cliente1268,cidade1268,SP,produto4342,10/06/2021,15,780.00,705.00
cliente1269,cidade1269,PA,produto4343,05/09/2022,2,1300.00,1175.00
cliente1273,cidade1273,SP,produto4347,30/04/2020,50,340.00,315.00
cliente1275,cidade1275,SP,produto4349,10/05/2021,2,1300.00,1175.00
cliente1277,cidade1277,RJ,produto4351,05/09/2022,10,100.00,80.00
cliente1280,cidade1280,SP,produto4354,23/03/2021,15,780.00,705.00
cliente1281,cidade1281,MG,produto4355,30/04/2020,2,1300.00,1175.00
cliente1283,cidade1283,SP,produto4357,10/05/2021,10,100.00,80.00
cliente1289,cidade1289,PA,produto4363,30/04/2020,10,100.00,80.00
cliente1290,cidade1290,SP,produto4364,20/04/2020,70,200.00,200.00
cliente1292,cidade1292,RJ,produto4366,10/06/2021,15,780.00,705.00
cliente1294,cidade1294,PA,produto4368,25/09/2022,34,50.00,40.00
cliente1295,cidade1295,SP,produto4369,03/11/2022,10,100.00,80.00
cliente1297,cidade1297,RJ,produto4371,30/04/2020,50,340.00,315.00
cliente1300,cidade1300,SP,produto4374,10/06/2021,34,50.00,40.00
cliente1305,cidade1305,SP,produto4379,30/04/2020,2,1300.00,1175.00
cliente1308,cidade1308,SP,produto4382,10/06/2021,70,200.00,200.00
cliente1310,cidade1310,SP,produto4384,25/09/2022,15,780.00,705.00
cliente1311,cidade1311,MG,produto4385,03/11/2022,2,1300.00,1175.00
cliente1313,cidade1313,SP,produto4387,30/04/2020,10,100.00,80.00
cliente1314,cidade1314,PA,produto4388,20/04/2020,70,200.00,200.00
cliente1315,cidade1315,SP,produto4389,10/05/2021,50,340.00,315.00
cliente1317,cidade1317,RJ,produto4391,05/09/2022,2,1300.00,1175.00
cliente1318,cidade1318,SP,produto4392,25/09/2022,34,50.00,40.00
cliente1319,cidade1319,PA,produto4393,03/11/2022,10,100.00,80.00
cliente1322,cidade1322,RJ,produto4396,20/04/2020,15,780.00,705.00
cliente1324,cidade1324,PA,produto4398,10/06/2021,34,50.00,40.00
cliente1327,cidade1327,RJ,produto4401,03/11/2022,50,340.00,315.00
cliente1332,cidade1332,RJ,produto4406,10/06/2021,70,200.00,200.00
cliente1334,cidade1334,PA,produto4408,25/09/2022,15,780.00,705.00
cliente1335,cidade1335,SP,produto4409,03/11/2022,2,1300.00,1175.00
cliente1336,cidade1336,MG,produto4410,23/03/2021,34,50.00,40.00
cliente1338,cidade1338,SP,produto4412,20/04/2020,70,200.00,200.00
cliente1342,cidade1342,RJ,produto4416,25/09/2022,34,50.00,40.00
cliente1346,cidade1346,MG,produto4420,20/04/2020,15,780.00,705.00
cliente1349,cidade1349,PA,produto4423,05/09/2022,10,100.00,80.00
cliente1350,cidade1350,SP,produto4424,25/09/2022,70,200.00,200.00
cliente1351,cidade1351,MG,produto4425,03/11/2022,50,340.00,315.00
cliente1354,cidade1354,PA,produto4428,20/04/2020,34,50.00,40.00
cliente1355,cidade1355,SP,produto4429,10/05/2021,10,100.00,80.00
cliente1356,cidade1356,MG,produto4430,10/06/2021,70,200.00,200.00
cliente1359,cidade1359,PA,produto4433,03/11/2022,2,1300.00,1175.00
cliente1360,cidade1360,SP,produto4434,23/03/2021,34,50.00,40.00
cliente1361,cidade1361,MG,produto4435,30/04/2020,10,100.00,80.00
cliente1363,cidade1363,SP,produto4437,10/05/2021,50,340.00,315.00
cliente1364,cidade1364,PA,produto4438,10/06/2021,15,780.00,705.00
cliente1365,cidade1365,SP,produto4439,05/09/2022,2,1300.00,1175.00
cliente1366,cidade1366,MG,produto4440,25/09/2022,34,50.00,40.00
cliente1367,cidade1367,RJ,produto4441,03/11/2022,10,100.00,80.00
cliente1368,cidade1368,SP,produto4442,23/03/2021,70,200.00,200.00
cliente1373,cidade1373,SP,produto4447,05/09/2022,10,100.00,80.00
cliente1374,cidade1374,PA,produto4448,25/09/2022,70,200.00,200.00
cliente1375,cidade1375,SP,produto4449,03/11/2022,50,340.00,315.00
cliente1379,cidade1379,PA,produto4453,10/05/2021,10,100.00,80.00
cliente1380,cidade1380,SP,produto4454,10/06/2021,70,200.00,200.00
cliente1381,cidade1381,MG,produto4455,05/09/2022,50,340.00,315.00
cliente1382,cidade1382,RJ,produto4456,25/09/2022,15,780.00,705.00
cliente1383,cidade1383,SP,produto4457,03/11/2022,2,1300.00,1175.00
cliente1384,cidade1384,PA,produto4458,23/03/2021,34,50.00,40.00
cliente1387,cidade1387,RJ,produto4461,10/05/2021,50,340.00,315.00
cliente1389,cidade1389,PA,produto4463,05/09/2022,2,1300.00,1175.00
cliente1392,cidade1392,RJ,produto4466,23/03/2021,70,200.00,200.00
cliente1394,cidade1394,PA,produto4468,20/04/2020,15,780.00,705.00
cliente1395,cidade1395,SP,produto4469,10/05/2021,2,1300.00,1175.00
cliente1398,cidade1398,SP,produto4472,25/09/2022,70,200.00,200.00
cliente1400,cidade1400,SP,produto4474,23/03/2021,15,780.00,705.00
cliente1402,cidade1402,RJ,produto4476,20/04/2020,34,50.00,40.00
cliente1406,cidade1406,MG,produto4480,25/09/2022,15,780.00,705.00
cliente1407,cidade1407,RJ,produto4481,03/11/2022,2,1300.00,1175.00
cliente1408,cidade1408,SP,produto4482,23/03/2021,34,50.00,40.00
cliente1410,cidade1410,SP,produto4484,20/04/2020,70,200.00,200.00
cliente1413,cidade1413,SP,produto4487,05/09/2022,2,1300.00,1175.00
cliente1414,cidade1414,PA,produto4488,25/09/2022,34,50.00,40.00
cliente1417,cidade1417,RJ,produto4491,30/04/2020,50,340.00,315.00
cliente1419,cidade1419,PA,produto4493,10/05/2021,2,1300.00,1175.00
cliente1421,cidade1421,MG,produto4495,05/09/2022,10,100.00,80.00
cliente1426,cidade1426,MG,produto4500,20/04/2020,34,50.00,40.00
cliente1428,cidade1428,SP,produto4502,10/06/2021,70,200.00,200.00
cliente1429,cidade1429,PA,produto4503,05/09/2022,50,340.00,315.00
cliente1432,cidade1432,RJ,produto4506,23/03/2021,34,50.00,40.00
cliente1433,cidade1433,SP,produto4507,30/04/2020,10,100.00,80.00
cliente1436,cidade1436,MG,produto4510,10/06/2021,15,780.00,705.00
cliente1439,cidade1439,PA,produto4513,03/11/2022,10,100.00,80.00
cliente1441,cidade1441,MG,produto4515,30/04/2020,50,340.00,315.00
cliente1443,cidade1443,SP,produto4517,10/05/2021,2,1300.00,1175.00
cliente1447,cidade1447,RJ,produto4521,03/11/2022,50,340.00,315.00
cliente1448,cidade1448,SP,produto4522,23/03/2021,15,780.00,705.00
cliente1449,cidade1449,PA,produto4523,30/04/2020,2,1300.00,1175.00
cliente1451,cidade1451,MG,produto4525,10/05/2021,10,100.00,80.00
cliente1453,cidade1453,SP,produto4527,05/09/2022,50,340.00,315.00
cliente1457,cidade1457,RJ,produto4531,30/04/2020,10,100.00,80.00
cliente1458,cidade1458,SP,produto4532,20/04/2020,70,200.00,200.00
cliente1460,cidade1460,SP,produto4534,10/06/2021,15,780.00,705.00
cliente1461,cidade1461,MG,produto4535,05/09/2022,2,1300.00,1175.00
cliente1463,cidade1463,SP,produto4537,03/11/2022,10,100.00,80.00
cliente1464,cidade1464,PA,produto4538,23/03/2021,70,200.00,200.00
cliente1467,cidade1467,RJ,produto4541,10/05/2021,2,1300.00,1175.00
cliente1468,cidade1468,SP,produto4542,10/06/2021,34,50.00,40.00
cliente1469,cidade1469,PA,produto4543,05/09/2022,10,100.00,80.00
cliente1472,cidade1472,RJ,produto4546,23/03/2021,15,780.00,705.00
cliente1473,cidade1473,SP,produto4547,30/04/2020,2,1300.00,1175.00
cliente1475,cidade1475,SP,produto4549,10/05/2021,10,100.00,80.00
cliente1478,cidade1478,SP,produto4552,25/09/2022,15,780.00,705.00
cliente1480,cidade1480,SP,produto4554,23/03/2021,34,50.00,40.00
cliente1482,cidade1482,RJ,produto4556,20/04/2020,70,200.00,200.00
cliente1485,cidade1485,SP,produto4559,05/09/2022,2,1300.00,1175.00
cliente1488,cidade1488,SP,produto4562,23/03/2021,70,200.00,200.00
cliente1490,cidade1490,SP,produto4564,20/04/2020,15,780.00,705.00
cliente1491,cidade1491,MG,produto4565,10/05/2021,2,1300.00,1175.00
cliente1492,cidade1492,RJ,produto4566,10/06/2021,34,50.00,40.00
cliente1497,cidade1497,RJ,produto4571,30/04/2020,2,1300.00,1175.00
cliente1499,cidade1499,PA,produto4573,10/05/2021,10,100.00,80.00
cliente1502,cidade1502,RJ,produto4576,25/09/2022,15,780.00,705.00
cliente1504,cidade1504,PA,produto4578,23/03/2021,34,50.00,40.00
cliente1505,cidade1505,SP,produto4579,30/04/2020,10,100.00,80.00
cliente1509,cidade1509,PA,produto4583,05/09/2022,2,1300.00,1175.00
cliente1511,cidade1511,MG,produto4585,03/11/2022,10,100.00,80.00
cliente1513,cidade1513,SP,produto4587,30/04/2020,50,340.00,315.00
cliente1514,cidade1514,PA,produto4588,20/04/2020,15,780.00,705.00
cliente1518,cidade1518,SP,produto4592,25/09/2022,70,200.00,200.00
cliente1519,cidade1519,PA,produto4593,03/11/2022,50,340.00,315.00
cliente1520,cidade1520,SP,produto4594,23/03/2021,15,780.00,705.00
cliente1522,cidade1522,RJ,produto4596,20/04/2020,34,50.00,40.00
cliente1526,cidade1526,MG,produto4600,25/09/2022,15,780.00,705.00
cliente1530,cidade1530,SP,produto4604,20/04/2020,70,200.00,200.00
cliente1532,cidade1532,RJ,produto4606,10/06/2021,15,780.00,705.00
cliente1533,cidade1533,SP,produto4607,05/09/2022,2,1300.00,1175.00
cliente1534,cidade1534,PA,produto4608,25/09/2022,34,50.00,40.00
cliente1538,cidade1538,SP,produto4612,20/04/2020,15,780.00,705.00
cliente1539,cidade1539,PA,produto4613,10/05/2021,2,1300.00,1175.00
cliente1540,cidade1540,SP,produto4614,10/06/2021,34,50.00,40.00
cliente1541,cidade1541,MG,produto4615,05/09/2022,10,100.00,80.00
cliente1544,cidade1544,PA,produto4618,23/03/2021,15,780.00,705.00
cliente1545,cidade1545,SP,produto4619,30/04/2020,2,1300.00,1175.00
cliente1546,cidade1546,MG,produto4620,20/04/2020,34,50.00,40.00
cliente1547,cidade1547,RJ,produto4621,10/05/2021,10,100.00,80.00
cliente1548,cidade1548,SP,produto4622,10/06/2021,70,200.00,200.00
cliente1550,cidade1550,SP,produto4624,25/09/2022,15,780.00,705.00
cliente1551,cidade1551,MG,produto4625,03/11/2022,2,1300.00,1175.00
cliente1553,cidade1553,SP,produto4627,30/04/2020,10,100.00,80.00
cliente1554,cidade1554,PA,produto4628,20/04/2020,70,200.00,200.00
cliente1555,cidade1555,SP,produto4629,10/05/2021,50,340.00,315.00
cliente1557,cidade1557,RJ,produto4631,05/09/2022,2,1300.00,1175.00
cliente1558,cidade1558,SP,produto4632,25/09/2022,34,50.00,40.00
cliente1559,cidade1559,PA,produto4633,03/11/2022,10,100.00,80.00
cliente1560,cidade1560,SP,produto4634,23/03/2021,70,200.00,200.00
cliente1561,cidade1561,MG,produto4635,30/04/2020,50,340.00,315.00
cliente1563,cidade1563,SP,produto4637,10/05/2021,2,1300.00,1175.00
cliente1569,cidade1569,PA,produto4643,30/04/2020,2,1300.00,1175.00
cliente1571,cidade1571,MG,produto4645,10/05/2021,10,100.00,80.00
cliente1574,cidade1574,PA,produto4648,25/09/2022,15,780.00,705.00
cliente1576,cidade1576,MG,produto4650,23/03/2021,34,50.00,40.00
cliente1578,cidade1578,SP,produto4652,20/04/2020,70,200.00,200.00
cliente1581,cidade1581,MG,produto4655,05/09/2022,2,1300.00,1175.00
cliente1585,cidade1585,SP,produto4659,30/04/2020,50,340.00,315.00
cliente1587,cidade1587,RJ,produto4661,10/05/2021,2,1300.00,1175.00
cliente1589,cidade1589,PA,produto4663,05/09/2022,10,100.00,80.00
cliente1590,cidade1590,SP,produto4664,25/09/2022,70,200.00,200.00
cliente1591,cidade1591,MG,produto4665,03/11/2022,50,340.00,315.00
cliente1592,cidade1592,RJ,produto4666,23/03/2021,15,780.00,705.00
cliente1593,cidade1593,SP,produto4667,30/04/2020,2,1300.00,1175.00
cliente1596,cidade1596,MG,produto4670,10/06/2021,70,200.00,200.00
cliente1598,cidade1598,SP,produto4672,25/09/2022,15,780.00,705.00
cliente1599,cidade1599,PA,produto4673,03/11/2022,2,1300.00,1175.00
cliente1602,cidade1602,RJ,produto4676,20/04/2020,70,200.00,200.00
cliente1603,cidade1603,SP,produto4677,10/05/2021,50,340.00,315.00
cliente1606,cidade1606,MG,produto4680,25/09/2022,34,50.00,40.00
cliente1608,cidade1608,SP,produto4682,23/03/2021,70,200.00,200.00
cliente1614,cidade1614,PA,produto4688,25/09/2022,70,200.00,200.00
cliente1618,cidade1618,SP,produto4692,20/04/2020,34,50.00,40.00
cliente1622,cidade1622,RJ,produto4696,25/09/2022,15,780.00,705.00
cliente1623,cidade1623,SP,produto4697,03/11/2022,2,1300.00,1175.00
cliente1626,cidade1626,MG,produto4700,20/04/2020,70,200.00,200.00
cliente1627,cidade1627,RJ,produto4701,10/05/2021,50,340.00,315.00
cliente1629,cidade1629,PA,produto4703,05/09/2022,2,1300.00,1175.00
cliente1630,cidade1630,SP,produto4704,25/09/2022,34,50.00,40.00
cliente1632,cidade1632,RJ,produto4706,23/03/2021,70,200.00,200.00
cliente1634,cidade1634,PA,produto4708,20/04/2020,15,780.00,705.00
cliente1637,cidade1637,RJ,produto4711,05/09/2022,10,100.00,80.00
cliente1638,cidade1638,SP,produto4712,25/09/2022,70,200.00,200.00
cliente1640,cidade1640,SP,produto4714,23/03/2021,15,780.00,705.00
cliente1642,cidade1642,RJ,produto4716,20/04/2020,34,50.00,40.00
cliente1643,cidade1643,SP,produto4717,10/05/2021,10,100.00,80.00
cliente1645,cidade1645,SP,produto4719,05/09/2022,50,340.00,315.00
cliente1647,cidade1647,RJ,produto4721,03/11/2022,2,1300.00,1175.00
cliente1648,cidade1648,SP,produto4722,23/03/2021,34,50.00,40.00
cliente1649,cidade1649,PA,produto4723,30/04/2020,10,100.00,80.00
cliente1651,cidade1651,MG,produto4725,10/05/2021,50,340.00,315.00
cliente1653,cidade1653,SP,produto4727,05/09/2022,2,1300.00,1175.00
cliente1659,cidade1659,PA,produto4733,10/05/2021,2,1300.00,1175.00
cliente1661,cidade1661,MG,produto4735,05/09/2022,10,100.00,80.00
cliente1667,cidade1667,RJ,produto4741,10/05/2021,10,100.00,80.00
cliente1672,cidade1672,RJ,produto4746,23/03/2021,34,50.00,40.00
cliente1673,cidade1673,SP,produto4747,30/04/2020,10,100.00,80.00
cliente1674,cidade1674,PA,produto4748,20/04/2020,70,200.00,200.00
cliente1676,cidade1676,MG,produto4750,10/06/2021,15,780.00,705.00
cliente1678,cidade1678,SP,produto4752,25/09/2022,34,50.00,40.00
cliente1679,cidade1679,PA,produto4753,03/11/2022,10,100.00,80.00
cliente1680,cidade1680,SP,produto4754,23/03/2021,70,200.00,200.00
cliente1682,cidade1682,RJ,produto4756,20/04/2020,15,780.00,705.00
cliente1683,cidade1683,SP,produto4757,10/05/2021,2,1300.00,1175.00
cliente1685,cidade1685,SP,produto4759,05/09/2022,10,100.00,80.00
cliente1686,cidade1686,MG,produto4760,25/09/2022,70,200.00,200.00
cliente1688,cidade1688,SP,produto4762,23/03/2021,15,780.00,705.00
cliente1692,cidade1692,RJ,produto4766,10/06/2021,70,200.00,200.00
cliente1693,cidade1693,SP,produto4767,05/09/2022,50,340.00,315.00
cliente1694,cidade1694,PA,produto4768,25/09/2022,15,780.00,705.00
cliente1698,cidade1698,SP,produto4772,20/04/2020,70,200.00,200.00
cliente1699,cidade1699,PA,produto4773,10/05/2021,50,340.00,315.00
cliente1700,cidade1700,SP,produto4774,10/06/2021,15,780.00,705.00
cliente1702,cidade1702,RJ,produto4776,25/09/2022,34,50.00,40.00
cliente1703,cidade1703,SP,produto4777,03/11/2022,10,100.00,80.00
cliente1708,cidade1708,SP,produto4782,10/06/2021,34,50.00,40.00
cliente1710,cidade1710,SP,produto4784,25/09/2022,70,200.00,200.00
cliente1711,cidade1711,MG,produto4785,03/11/2022,50,340.00,315.00
cliente1712,cidade1712,RJ,produto4786,23/03/2021,15,780.00,705.00
cliente1713,cidade1713,SP,produto4787,30/04/2020,2,1300.00,1175.00
cliente1714,cidade1714,PA,produto4788,20/04/2020,34,50.00,40.00
cliente1715,cidade1715,SP,produto4789,10/05/2021,10,100.00,80.00
cliente1716,cidade1716,MG,produto4790,10/06/2021,70,200.00,200.00
cliente1717,cidade1717,RJ,produto4791,05/09/2022,50,340.00,315.00
cliente1719,cidade1719,PA,produto4793,03/11/2022,2,1300.00,1175.00
cliente1720,cidade1720,SP,produto4794,23/03/2021,34,50.00,40.00
cliente1722,cidade1722,RJ,produto4796,20/04/2020,70,200.00,200.00
cliente1728,cidade1728,SP,produto4802,23/03/2021,70,200.00,200.00
cliente1729,cidade1729,PA,produto4803,30/04/2020,50,340.00,315.00
cliente1730,cidade1730,SP,produto4804,20/04/2020,15,780.00,705.00
cliente1735,cidade1735,SP,produto4809,03/11/2022,50,340.00,315.00
cliente1736,cidade1736,MG,produto4810,23/03/2021,15,780.00,705.00
cliente1738,cidade1738,SP,produto4812,20/04/2020,34,50.00,40.00
cliente1740,cidade1740,SP,produto4814,10/06/2021,70,200.00,200.00
cliente1741,cidade1741,MG,produto4815,05/09/2022,50,340.00,315.00
cliente1742,cidade1742,RJ,produto4816,25/09/2022,15,780.00,705.00
cliente1743,cidade1743,SP,produto4817,03/11/2022,2,1300.00,1175.00
cliente1744,cidade1744,PA,produto4818,23/03/2021,34,50.00,40.00
cliente1745,cidade1745,SP,produto4819,30/04/2020,10,100.00,80.00
cliente1746,cidade1746,MG,produto4820,20/04/2020,70,200.00,200.00
cliente1749,cidade1749,PA,produto4823,05/09/2022,2,1300.00,1175.00
cliente1750,cidade1750,SP,produto4824,25/09/2022,34,50.00,40.00
cliente1752,cidade1752,RJ,produto4826,23/03/2021,70,200.00,200.00
cliente1753,cidade1753,SP,produto4827,30/04/2020,50,340.00,315.00
cliente1755,cidade1755,SP,produto4829,10/05/2021,2,1300.00,1175.00
cliente1756,cidade1756,MG,produto4830,10/06/2021,34,50.00,40.00
cliente1758,cidade1758,SP,produto4832,25/09/2022,70,200.00,200.00
cliente1761,cidade1761,MG,produto4835,30/04/2020,2,1300.00,1175.00
cliente1763,cidade1763,SP,produto4837,10/05/2021,10,100.00,80.00
cliente1765,cidade1765,SP,produto4839,05/09/2022,50,340.00,315.00
cliente1767,cidade1767,RJ,produto4841,03/11/2022,2,1300.00,1175.00
cliente1768,cidade1768,SP,produto4842,23/03/2021,34,50.00,40.00
cliente1769,cidade1769,PA,produto4843,30/04/2020,10,100.00,80.00
cliente1771,cidade1771,MG,produto4845,10/05/2021,50,340.00,315.00
cliente1773,cidade1773,SP,produto4847,05/09/2022,2,1300.00,1175.00
cliente1775,cidade1775,SP,produto4849,03/11/2022,10,100.00,80.00
cliente1776,cidade1776,MG,produto4850,23/03/2021,70,200.00,200.00
cliente1777,cidade1777,RJ,produto4851,30/04/2020,50,340.00,315.00
cliente1780,cidade1780,SP,produto4854,10/06/2021,34,50.00,40.00
cliente1782,cidade1782,RJ,produto4856,25/09/2022,70,200.00,200.00
cliente1785,cidade1785,SP,produto4859,30/04/2020,2,1300.00,1175.00
cliente1786,cidade1786,MG,produto4860,20/04/2020,34,50.00,40.00
cliente1787,cidade1787,RJ,produto4861,10/05/2021,10,100.00,80.00
cliente1788,cidade1788,SP,produto4862,10/06/2021,70,200.00,200.00
cliente1789,cidade1789,PA,produto4863,05/09/2022,50,340.00,315.00
cliente1790,cidade1790,SP,produto4864,25/09/2022,15,780.00,705.00
cliente1792,cidade1792,RJ,produto4866,23/03/2021,34,50.00,40.00
cliente1794,cidade1794,PA,produto4868,20/04/2020,70,200.00,200.00
cliente1797,cidade1797,RJ,produto4871,05/09/2022,2,1300.00,1175.00
cliente1798,cidade1798,SP,produto4872,25/09/2022,34,50.00,40.00
cliente1801,cidade1801,MG,produto4875,30/04/2020,50,340.00,315.00
cliente1802,cidade1802,RJ,produto4876,20/04/2020,15,780.00,705.00
cliente1806,cidade1806,MG,produto4880,25/09/2022,70,200.00,200.00
cliente1808,cidade1808,SP,produto4882,23/03/2021,15,780.00,705.00
cliente1809,cidade1809,PA,produto4883,30/04/2020,2,1300.00,1175.00
cliente1811,cidade1811,MG,produto4885,10/05/2021,10,100.00,80.00
cliente1813,cidade1813,SP,produto4887,05/09/2022,50,340.00,315.00
cliente1814,cidade1814,PA,produto4888,25/09/2022,15,780.00,705.00
cliente1817,cidade1817,RJ,produto4891,30/04/2020,10,100.00,80.00
cliente1819,cidade1819,PA,produto4893,10/05/2021,50,340.00,315.00
cliente1821,cidade1821,MG,produto4895,05/09/2022,2,1300.00,1175.00
cliente1822,cidade1822,RJ,produto4896,25/09/2022,34,50.00,40.00
cliente1823,cidade1823,SP,produto4897,03/11/2022,10,100.00,80.00
cliente1829,cidade1829,PA,produto4903,05/09/2022,10,100.00,80.00
cliente1832,cidade1832,RJ,produto4906,23/03/2021,15,780.00,705.00
cliente1834,cidade1834,PA,produto4908,20/04/2020,34,50.00,40.00
cliente1836,cidade1836,MG,produto4910,10/06/2021,70,200.00,200.00
cliente1837,cidade1837,RJ,produto4911,05/09/2022,50,340.00,315.00
cliente1838,cidade1838,SP,produto4912,25/09/2022,15,780.00,705.00
cliente1840,cidade1840,SP,produto4914,23/03/2021,34,50.00,40.00
cliente1841,cidade1841,MG,produto4915,30/04/2020,10,100.00,80.00
cliente1842,cidade1842,RJ,produto4916,20/04/2020,70,200.00,200.00
cliente1843,cidade1843,SP,produto4917,10/05/2021,50,340.00,315.00
cliente1846,cidade1846,MG,produto4920,25/09/2022,34,50.00,40.00
cliente1847,cidade1847,RJ,produto4921,03/11/2022,10,100.00,80.00
cliente1848,cidade1848,SP,produto4922,23/03/2021,70,200.00,200.00
cliente1849,cidade1849,PA,produto4923,30/04/2020,50,340.00,315.00
cliente1850,cidade1850,SP,produto4924,20/04/2020,15,780.00,705.00
cliente1851,cidade1851,MG,produto4925,10/05/2021,2,1300.00,1175.00
cliente1852,cidade1852,RJ,produto4926,10/06/2021,34,50.00,40.00
cliente1854,cidade1854,PA,produto4928,25/09/2022,70,200.00,200.00
cliente1857,cidade1857,RJ,produto4931,30/04/2020,2,1300.00,1175.00
cliente1861,cidade1861,MG,produto4935,05/09/2022,50,340.00,315.00
cliente1864,cidade1864,PA,produto4938,23/03/2021,34,50.00,40.00
cliente1865,cidade1865,SP,produto4939,30/04/2020,10,100.00,80.00
cliente1868,cidade1868,SP,produto4942,10/06/2021,15,780.00,705.00
cliente1870,cidade1870,SP,produto4944,25/09/2022,34,50.00,40.00
cliente1871,cidade1871,MG,produto4945,03/11/2022,10,100.00,80.00
cliente1873,cidade1873,SP,produto4947,30/04/2020,50,340.00,315.00
cliente1875,cidade1875,SP,produto4949,10/05/2021,2,1300.00,1175.00
cliente1876,cidade1876,MG,produto4950,10/06/2021,34,50.00,40.00
cliente1880,cidade1880,SP,produto4954,23/03/2021,15,780.00,705.00
cliente1882,cidade1882,RJ,produto4956,20/04/2020,34,50.00,40.00
cliente1883,cidade1883,SP,produto4957,10/05/2021,10,100.00,80.00
cliente1886,cidade1886,MG,produto4960,25/09/2022,15,780.00,705.00
cliente1888,cidade1888,SP,produto4962,23/03/2021,34,50.00,40.00
cliente1889,cidade1889,PA,produto4963,30/04/2020,10,100.00,80.00
cliente1890,cidade1890,SP,produto4964,20/04/2020,70,200.00,200.00
cliente1891,cidade1891,MG,produto4965,10/05/2021,50,340.00,315.00
cliente1892,cidade1892,RJ,produto4966,10/06/2021,15,780.00,705.00
cliente1894,cidade1894,PA,produto4968,25/09/2022,34,50.00,40.00
cliente1896,cidade1896,MG,produto4970,23/03/2021,70,200.00,200.00
cliente1897,cidade1897,RJ,produto4971,30/04/2020,50,340.00,315.00
cliente1898,cidade1898,SP,produto4972,20/04/2020,15,780.00,705.00
cliente1899,cidade1899,PA,produto4973,10/05/2021,2,1300.00,1175.00
cliente1900,cidade1900,SP,produto4974,10/06/2021,34,50.00,40.00
cliente1901,cidade1901,MG,produto4975,05/09/2022,10,100.00,80.00
cliente1902,cidade1902,RJ,produto4976,25/09/2022,70,200.00,200.00
cliente1903,cidade1903,SP,produto4977,03/11/2022,50,340.00,315.00
cliente1906,cidade1906,MG,produto4980,20/04/2020,34,50.00,40.00
cliente1908,cidade1908,SP,produto4982,10/06/2021,70,200.00,200.00
cliente1910,cidade1910,SP,produto4984,25/09/2022,15,780.00,705.00
cliente1911,cidade1911,MG,produto4985,03/11/2022,2,1300.00,1175.00
cliente1916,cidade1916,MG,produto4990,10/06/2021,15,780.00,705.00
cliente1920,cidade1920,SP,produto4994,23/03/2021,70,200.00,200.00
cliente1922,cidade1922,RJ,produto4996,20/04/2020,15,780.00,705.00
cliente1924,cidade1924,PA,produto4998,10/06/2021,34,50.00,40.00
cliente1925,cidade1925,SP,produto4999,05/09/2022,10,100.00,80.00
cliente1928,cidade1928,SP,produto5002,23/03/2021,15,780.00,705.00
cliente1929,cidade1929,PA,produto5003,30/04/2020,2,1300.00,1175.00
cliente1931,cidade1931,MG,produto5005,10/05/2021,10,100.00,80.00
cliente1936,cidade1936,MG,produto5010,23/03/2021,34,50.00,40.00
cliente1937,cidade1937,RJ,produto5011,30/04/2020,10,100.00,80.00
cliente1938,cidade1938,SP,produto5012,20/04/2020,70,200.00,200.00
cliente1940,cidade1940,SP,produto5014,10/06/2021,15,780.00,705.00
cliente1941,cidade1941,MG,produto5015,05/09/2022,2,1300.00,1175.00
cliente1942,cidade1942,RJ,produto5016,25/09/2022,34,50.00,40.00
cliente1943,cidade1943,SP,produto5017,03/11/2022,10,100.00,80.00
cliente1944,cidade1944,PA,produto5018,23/03/2021,70,200.00,200.00
cliente1948,cidade1948,SP,produto5022,10/06/2021,34,50.00,40.00
cliente1950,cidade1950,SP,produto5024,25/09/2022,70,200.00,200.00
cliente1951,cidade1951,MG,produto5025,03/11/2022,50,340.00,315.00
cliente1956,cidade1956,MG,produto5030,10/06/2021,70,200.00,200.00
cliente1957,cidade1957,RJ,produto5031,05/09/2022,50,340.00,315.00
cliente1961,cidade1961,MG,produto5035,30/04/2020,10,100.00,80.00
cliente1964,cidade1964,PA,produto5038,10/06/2021,15,780.00,705.00
cliente1965,cidade1965,SP,produto5039,05/09/2022,2,1300.00,1175.00
cliente1966,cidade1966,MG,produto5040,25/09/2022,34,50.00,40.00
cliente1967,cidade1967,RJ,produto5041,03/11/2022,10,100.00,80.00
cliente1968,cidade1968,SP,produto5042,23/03/2021,70,200.00,200.00
cliente1969,cidade1969,PA,produto5043,30/04/2020,50,340.00,315.00
cliente1970,cidade1970,SP,produto5044,20/04/2020,15,780.00,705.00
cliente1971,cidade1971,MG,produto5045,10/05/2021,2,1300.00,1175.00
cliente1972,cidade1972,RJ,produto5046,10/06/2021,34,50.00,40.00
cliente1975,cidade1975,SP,produto5049,03/11/2022,50,340.00,315.00
cliente1977,cidade1977,RJ,produto5051,30/04/2020,2,1300.00,1175.00
cliente1983,cidade1983,SP,produto5057,03/11/2022,2,1300.00,1175.00
cliente1984,cidade1984,PA,produto5058,23/03/2021,34,50.00,40.00
cliente1986,cidade1986,MG,produto5060,20/04/2020,70,200.00,200.00
cliente1989,cidade1989,PA,produto5063,05/09/2022,2,1300.00,1175.00
cliente1993,cidade1993,SP,produto5067,30/04/2020,50,340.00,315.00
cliente1996,cidade1996,MG,produto5070,10/06/2021,34,50.00,40.00
cliente2000,cidade2000,SP,produto5074,23/03/2021,15,780.00,705.00
cliente2001,cidade2001,MG,produto5075,30/04/2020,2,1300.00,1175.00
cliente2002,cidade2002,RJ,produto5076,20/04/2020,34,50.00,40.00
cliente2004,cidade2004,PA,produto5078,10/06/2021,70,200.00,200.00
cliente2006,cidade2006,MG,produto5080,25/09/2022,15,780.00,705.00
cliente2010,cidade2010,SP,produto5084,20/04/2020,70,200.00,200.00
cliente2011,cidade2011,MG,produto5085,10/05/2021,50,340.00,315.00
cliente2013,cidade2013,SP,produto5087,05/09/2022,2,1300.00,1175.00
cliente2014,cidade2014,PA,produto5088,25/09/2022,34,50.00,40.00
cliente2019,cidade2019,PA,produto5093,10/05/2021,2,1300.00,1175.00
cliente2020,cidade2020,SP,produto5094,10/06/2021,34,50.00,40.00
cliente2023,cidade2023,SP,produto5097,03/11/2022,50,340.00,315.00
cliente2024,cidade2024,PA,produto5098,23/03/2021,15,780.00,705.00
cliente2025,cidade2025,SP,produto5099,30/04/2020,2,1300.00,1175.00
cliente2027,cidade2027,RJ,produto5101,10/05/2021,10,100.00,80.00
cliente2028,cidade2028,SP,produto5102,10/06/2021,70,200.00,200.00
cliente2029,cidade2029,PA,produto5103,05/09/2022,50,340.00,315.00
cliente2030,cidade2030,SP,produto5104,25/09/2022,15,780.00,705.00
cliente2032,cidade2032,RJ,produto5106,23/03/2021,34,50.00,40.00
cliente2036,cidade2036,MG,produto5110,10/06/2021,15,780.00,705.00
cliente2039,cidade2039,PA,produto5113,03/11/2022,10,100.00,80.00
cliente2040,cidade2040,SP,produto5114,23/03/2021,70,200.00,200.00
cliente2043,cidade2043,SP,produto5117,10/05/2021,2,1300.00,1175.00
cliente2044,cidade2044,PA,produto5118,10/06/2021,34,50.00,40.00
cliente2046,cidade2046,MG,produto5120,25/09/2022,70,200.00,200.00
cliente2047,cidade2047,RJ,produto5121,03/11/2022,50,340.00,315.00
cliente2049,cidade2049,PA,produto5123,30/04/2020,2,1300.00,1175.00
cliente2051,cidade2051,MG,produto5125,10/05/2021,10,100.00,80.00
cliente2052,cidade2052,RJ,produto5126,10/06/2021,70,200.00,200.00
cliente2054,cidade2054,PA,produto5128,25/09/2022,15,780.00,705.00
cliente2056,cidade2056,MG,produto5130,23/03/2021,34,50.00,40.00
cliente2058,cidade2058,SP,produto5132,20/04/2020,70,200.00,200.00
cliente2059,cidade2059,PA,produto5133,10/05/2021,50,340.00,315.00
cliente2062,cidade2062,RJ,produto5136,25/09/2022,34,50.00,40.00
cliente2065,cidade2065,SP,produto5139,30/04/2020,50,340.00,315.00
cliente2066,cidade2066,MG,produto5140,20/04/2020,15,780.00,705.00
cliente2067,cidade2067,RJ,produto5141,10/05/2021,2,1300.00,1175.00
cliente2070,cidade2070,SP,produto5144,25/09/2022,70,200.00,200.00
cliente2071,cidade2071,MG,produto5145,03/11/2022,50,340.00,315.00
cliente2072,cidade2072,RJ,produto5146,23/03/2021,15,780.00,705.00
cliente2074,cidade2074,PA,produto5148,20/04/2020,34,50.00,40.00
cliente2075,cidade2075,SP,produto5149,10/05/2021,10,100.00,80.00
cliente2076,cidade2076,MG,produto5150,10/06/2021,70,200.00,200.00
cliente2078,cidade2078,SP,produto5152,25/09/2022,15,780.00,705.00
cliente2082,cidade2082,RJ,produto5156,20/04/2020,70,200.00,200.00
cliente2083,cidade2083,SP,produto5157,10/05/2021,50,340.00,315.00
cliente2084,cidade2084,PA,produto5158,10/06/2021,15,780.00,705.00
cliente2085,cidade2085,SP,produto5159,05/09/2022,2,1300.00,1175.00
cliente2086,cidade2086,MG,produto5160,25/09/2022,34,50.00,40.00
cliente2087,cidade2087,RJ,produto5161,03/11/2022,10,100.00,80.00
cliente2088,cidade2088,SP,produto5162,23/03/2021,70,200.00,200.00
cliente2089,cidade2089,PA,produto5163,30/04/2020,50,340.00,315.00
cliente2090,cidade2090,SP,produto5164,20/04/2020,15,780.00,705.00
cliente2091,cidade2091,MG,produto5165,10/05/2021,2,1300.00,1175.00
cliente2092,cidade2092,RJ,produto5166,10/06/2021,34,50.00,40.00
cliente2093,cidade2093,SP,produto5167,05/09/2022,10,100.00,80.00
cliente2096,cidade2096,MG,produto5170,23/03/2021,15,780.00,705.00
cliente2097,cidade2097,RJ,produto5171,30/04/2020,2,1300.00,1175.00
cliente2098,cidade2098,SP,produto5172,20/04/2020,34,50.00,40.00
cliente2101,cidade2101,MG,produto5175,05/09/2022,50,340.00,315.00
cliente2102,cidade2102,RJ,produto5176,25/09/2022,15,780.00,705.00
cliente2103,cidade2103,SP,produto5177,03/11/2022,2,1300.00,1175.00
cliente2108,cidade2108,SP,produto5182,10/06/2021,15,780.00,705.00
cliente2109,cidade2109,PA,produto5183,05/09/2022,2,1300.00,1175.00
cliente2110,cidade2110,SP,produto5184,25/09/2022,34,50.00,40.00
cliente2111,cidade2111,MG,produto5185,03/11/2022,10,100.00,80.00
cliente2113,cidade2113,SP,produto5187,30/04/2020,50,340.00,315.00
cliente2114,cidade2114,PA,produto5188,20/04/2020,15,780.00,705.00
cliente2115,cidade2115,SP,produto5189,10/05/2021,2,1300.00,1175.00
cliente2116,cidade2116,MG,produto5190,10/06/2021,34,50.00,40.00
cliente2118,cidade2118,SP,produto5192,25/09/2022,70,200.00,200.00
cliente2120,cidade2120,SP,produto5194,23/03/2021,15,780.00,705.00
cliente2121,cidade2121,MG,produto5195,30/04/2020,2,1300.00,1175.00
cliente2122,cidade2122,RJ,produto5196,20/04/2020,34,50.00,40.00
cliente2124,cidade2124,PA,produto5198,10/06/2021,70,200.00,200.00
cliente2125,cidade2125,SP,produto5199,05/09/2022,50,340.00,315.00
cliente2126,cidade2126,MG,produto5200,25/09/2022,15,780.00,705.00
cliente2129,cidade2129,PA,produto5203,30/04/2020,10,100.00,80.00
cliente2135,cidade2135,SP,produto5209,03/11/2022,10,100.00,80.00
cliente2138,cidade2138,SP,produto5212,20/04/2020,15,780.00,705.00
cliente2139,cidade2139,PA,produto5213,10/05/2021,2,1300.00,1175.00
cliente2141,cidade2141,MG,produto5215,05/09/2022,10,100.00,80.00
cliente2143,cidade2143,SP,produto5217,03/11/2022,50,340.00,315.00
cliente2144,cidade2144,PA,produto5218,23/03/2021,15,780.00,705.00
cliente2145,cidade2145,SP,produto5219,30/04/2020,2,1300.00,1175.00
cliente2146,cidade2146,MG,produto5220,20/04/2020,34,50.00,40.00
cliente2148,cidade2148,SP,produto5222,10/06/2021,70,200.00,200.00
cliente2149,cidade2149,PA,produto5223,05/09/2022,50,340.00,315.00
cliente2154,cidade2154,PA,produto5228,20/04/2020,70,200.00,200.00
cliente2155,cidade2155,SP,produto5229,10/05/2021,50,340.00,315.00
cliente2162,cidade2162,RJ,produto5236,20/04/2020,15,780.00,705.00
cliente2163,cidade2163,SP,produto5237,10/05/2021,2,1300.00,1175.00
cliente2164,cidade2164,PA,produto5238,10/06/2021,34,50.00,40.00
cliente2165,cidade2165,SP,produto5239,05/09/2022,10,100.00,80.00
cliente2166,cidade2166,MG,produto5240,25/09/2022,70,200.00,200.00
cliente2167,cidade2167,RJ,produto5241,03/11/2022,50,340.00,315.00
cliente2168,cidade2168,SP,produto5242,23/03/2021,15,780.00,705.00
cliente2169,cidade2169,PA,produto5243,30/04/2020,2,1300.00,1175.00
cliente2172,cidade2172,RJ,produto5246,10/06/2021,70,200.00,200.00
cliente2173,cidade2173,SP,produto5247,05/09/2022,50,340.00,315.00
cliente2176,cidade2176,MG,produto5250,23/03/2021,34,50.00,40.00
cliente2177,cidade2177,RJ,produto5251,30/04/2020,10,100.00,80.00
cliente2178,cidade2178,SP,produto5252,20/04/2020,70,200.00,200.00
cliente2179,cidade2179,PA,produto5253,10/05/2021,50,340.00,315.00
cliente2183,cidade2183,SP,produto5257,03/11/2022,10,100.00,80.00
cliente2184,cidade2184,PA,produto5258,23/03/2021,70,200.00,200.00
cliente2185,cidade2185,SP,produto5259,30/04/2020,50,340.00,315.00
cliente2187,cidade2187,RJ,produto5261,10/05/2021,2,1300.00,1175.00
cliente2189,cidade2189,PA,produto5263,05/09/2022,10,100.00,80.00
cliente2191,cidade2191,MG,produto5265,03/11/2022,50,340.00,315.00
cliente2192,cidade2192,RJ,produto5266,23/03/2021,15,780.00,705.00
cliente2193,cidade2193,SP,produto5267,30/04/2020,2,1300.00,1175.00
cliente2194,cidade2194,PA,produto5268,20/04/2020,34,50.00,40.00
cliente2195,cidade2195,SP,produto5269,10/05/2021,10,100.00,80.00
cliente2196,cidade2196,MG,produto5270,10/06/2021,70,200.00,200.00
cliente2197,cidade2197,RJ,produto5271,05/09/2022,50,340.00,315.00
cliente2198,cidade2198,SP,produto5272,25/09/2022,15,780.00,705.00
cliente2202,cidade2202,RJ,produto5276,20/04/2020,70,200.00,200.00
cliente2203,cidade2203,SP,produto5277,10/05/2021,50,340.00,315.00
cliente2209,cidade2209,PA,produto5283,30/04/2020,50,340.00,315.00
cliente2210,cidade2210,SP,produto5284,20/04/2020,15,780.00,705.00
cliente2211,cidade2211,MG,produto5285,10/05/2021,2,1300.00,1175.00
cliente2212,cidade2212,RJ,produto5286,10/06/2021,34,50.00,40.00
cliente2213,cidade2213,SP,produto5287,05/09/2022,10,100.00,80.00
cliente2214,cidade2214,PA,produto5288,25/09/2022,70,200.00,200.00
cliente2216,cidade2216,MG,produto5290,23/03/2021,15,780.00,705.00
cliente2217,cidade2217,RJ,produto5291,30/04/2020,2,1300.00,1175.00
cliente2226,cidade2226,MG,produto5300,20/04/2020,70,200.00,200.00
cliente2227,cidade2227,RJ,produto5301,10/05/2021,50,340.00,315.00
cliente2228,cidade2228,SP,produto5302,10/06/2021,15,780.00,705.00
cliente2229,cidade2229,PA,produto5303,05/09/2022,2,1300.00,1175.00
cliente2231,cidade2231,MG,produto5305,03/11/2022,10,100.00,80.00
cliente2233,cidade2233,SP,produto5307,30/04/2020,50,340.00,315.00
cliente2234,cidade2234,PA,produto5308,20/04/2020,15,780.00,705.00
cliente2237,cidade2237,RJ,produto5311,05/09/2022,10,100.00,80.00
cliente2239,cidade2239,PA,produto5313,03/11/2022,50,340.00,315.00
cliente2240,cidade2240,SP,produto5314,23/03/2021,15,780.00,705.00
cliente2243,cidade2243,SP,produto5317,10/05/2021,10,100.00,80.00
cliente2251,cidade2251,MG,produto5325,10/05/2021,50,340.00,315.00
cliente2253,cidade2253,SP,produto5327,05/09/2022,2,1300.00,1175.00
cliente2254,cidade2254,PA,produto5328,25/09/2022,34,50.00,40.00
cliente2255,cidade2255,SP,produto5329,03/11/2022,10,100.00,80.00
cliente2256,cidade2256,MG,produto5330,23/03/2021,70,200.00,200.00
cliente2257,cidade2257,RJ,produto5331,30/04/2020,50,340.00,315.00
cliente2264,cidade2264,PA,produto5338,23/03/2021,15,780.00,705.00
cliente2265,cidade2265,SP,produto5339,30/04/2020,2,1300.00,1175.00
cliente2267,cidade2267,RJ,produto5341,10/05/2021,10,100.00,80.00
cliente2268,cidade2268,SP,produto5342,10/06/2021,70,200.00,200.00
cliente2269,cidade2269,PA,produto5343,05/09/2022,50,340.00,315.00
cliente2270,cidade2270,SP,produto5344,25/09/2022,15,780.00,705.00
cliente2271,cidade2271,MG,produto5345,03/11/2022,2,1300.00,1175.00
cliente2274,cidade2274,PA,produto5348,20/04/2020,70,200.00,200.00
cliente2275,cidade2275,SP,produto5349,10/05/2021,50,340.00,315.00
cliente2276,cidade2276,MG,produto5350,10/06/2021,15,780.00,705.00
cliente2278,cidade2278,SP,produto5352,25/09/2022,34,50.00,40.00
cliente2279,cidade2279,PA,produto5353,03/11/2022,10,100.00,80.00
cliente2280,cidade2280,SP,produto5354,23/03/2021,70,200.00,200.00
cliente2284,cidade2284,PA,produto5358,10/06/2021,34,50.00,40.00
cliente2285,cidade2285,SP,produto5359,05/09/2022,10,100.00,80.00
cliente2286,cidade2286,MG,produto5360,25/09/2022,70,200.00,200.00
cliente2288,cidade2288,SP,produto5362,23/03/2021,15,780.00,705.00
cliente2292,cidade2292,RJ,produto5366,10/06/2021,70,200.00,200.00
cliente2293,cidade2293,SP,produto5367,05/09/2022,50,340.00,315.00
cliente2295,cidade2295,SP,produto5369,03/11/2022,2,1300.00,1175.00
cliente2297,cidade2297,RJ,produto5371,30/04/2020,10,100.00,80.00
cliente2299,cidade2299,PA,produto5373,10/05/2021,50,340.00,315.00
cliente2301,cidade2301,MG,produto5375,05/09/2022,2,1300.00,1175.00
cliente2302,cidade2302,RJ,produto5376,25/09/2022,34,50.00,40.00
cliente2310,cidade2310,SP,produto5384,25/09/2022,70,200.00,200.00
cliente2314,cidade2314,PA,produto5388,20/04/2020,34,50.00,40.00
cliente2315,cidade2315,SP,produto5389,10/05/2021,10,100.00,80.00
cliente2317,cidade2317,RJ,produto5391,05/09/2022,50,340.00,315.00
cliente2318,cidade2318,SP,produto5392,25/09/2022,15,780.00,705.00
cliente2319,cidade2319,PA,produto5393,03/11/2022,2,1300.00,1175.00
cliente2320,cidade2320,SP,produto5394,23/03/2021,34,50.00,40.00
cliente2321,cidade2321,MG,produto5395,30/04/2020,10,100.00,80.00
cliente2322,cidade2322,RJ,produto5396,20/04/2020,70,200.00,200.00
cliente2323,cidade2323,SP,produto5397,10/05/2021,50,340.00,315.00
cliente2325,cidade2325,SP,produto5399,05/09/2022,2,1300.00,1175.00
cliente2327,cidade2327,RJ,produto5401,03/11/2022,10,100.00,80.00
cliente2328,cidade2328,SP,produto5402,23/03/2021,70,200.00,200.00
cliente2329,cidade2329,PA,produto5403,30/04/2020,50,340.00,315.00
cliente2335,cidade2335,SP,produto5409,03/11/2022,50,340.00,315.00
